,conc_TE,conc_BME,I,pH
0,1,0.0,6.102551731739553,8.422372930122124
1,5,0.0,30.992848261160407,8.417746234353766
